{
  "project_info": {
    "project_number": "44166538996",
    "project_id": "rezerve-sepeti",
    "storage_bucket": "rezerve-sepeti.appspot.com"
  },
  "client": [
    {
      "client_info": {
        "mobilesdk_app_id": "1:44166538996:android:b643ee73c15b9887d1e0a1",
        "android_client_info": {
          "package_name": "com.rezerve_sepeti"
        }
      },
      "oauth_client": [
        {
          "client_id": "44166538996-tjvad2m4gbg6b8bro8b0ftah64d0erkr.apps.googleusercontent.com",
          "client_type": 3
        }
      ],
      "api_key": [
        {
          "current_key": "AIzaSyAsl0jZWRzWYvG7Y-RvCM6iM1AjLiepzNQ"
        }
      ],
      "services": {
        "appinvite_service": {
          "other_platform_oauth_client": [
            {
              "client_id": "44166538996-tjvad2m4gbg6b8bro8b0ftah64d0erkr.apps.googleusercontent.com",
              "client_type": 3
            }
          ]
        }
      }
    }
  ],
  "configuration_version": "1"
}